Years,NORTH,WEST,SOUTH,EAST
0-1,21.9,20.799999999999997,23.8,19.549999999999997
1-3,18.75,18.6,18.55,16.85
3-5,16.9,15.95,16.2,17.700000000000003
